key,conference,year,title,doi,scopus_url,title_hash,num_pages,abstract
CEP_2025_671693,CEP,2025,Enhancing conceptual understanding in early years of Computing education,10.1145/3702212.3702220,https://api.elsevier.com/content/abstract/scopus_id/85219210026,-7612675003404671693,4.0,
CEP_2025_425228,CEP,2025,Assessing Software Engineering Students' Analytical Skills in the Era of Generative AI,10.1145/3702212.3702223,https://api.elsevier.com/content/abstract/scopus_id/85219206346,6668210468012425228,,
CEP_2025_456639,CEP,2025,Themes in the Declared Use of Generative Artificial Intelligence in Assessment,10.1145/3702212.3702217,https://api.elsevier.com/content/abstract/scopus_id/85219203202,-6489872609726456639,4.0,
CEP_2025_892833,CEP,2025,Learning Programming Languages by Pantomime,10.1145/3702212.3702213,https://api.elsevier.com/content/abstract/scopus_id/85219203129,5183681864324892833,4.0,
CEP_2025_871360,CEP,2025,FLARE: A Framework Supporting Code Comprehension and Formative Assessment in Block-Based Programming Education,10.1145/3702212.3702219,https://api.elsevier.com/content/abstract/scopus_id/85219195595,-6801671759654871360,4.0,
CEP_2025_648351,CEP,2025,Integrating Socially Responsible Computing Competencies in Computer Science and Software Engineering Education,10.1145/3702212.3702225,https://api.elsevier.com/content/abstract/scopus_id/85219193620,1007608634836648351,2.0,
CEP_2025_351340,CEP,2025,Enhancing Learning and Teaching Experience for International Students in Computing Subjects,10.1145/3702212.3702222,https://api.elsevier.com/content/abstract/scopus_id/85219189082,-3535241944072351340,,
CEP_2025_013254,CEP,2025,Trunk and Branch: Fostering autonomous peer supportive learning environments through delivery & assessment,10.1145/3702212.3702216,https://api.elsevier.com/content/abstract/scopus_id/85219187395,-6857412075280013254,4.0,
CEP_2025_645416,CEP,2025,Learning without Limits: Analysing the Usage of Generative AI in a Summative Assessment,10.1145/3702212.3702214,https://api.elsevier.com/content/abstract/scopus_id/85219171503,7554956923005645416,4.0,
CEP_2025_401315,CEP,2025,Practical Insights for Engaging in Charity-University Collaborations for Computing Outreach for Disadvantaged Young People,10.1145/3702212.3702218,https://api.elsevier.com/content/abstract/scopus_id/85219170874,5335547180918401315,4.0,
CEP_2025_190675,CEP,2025,Where Have All the Papers Gone? Priming the pump of pedagogical publishing in Europe,10.1145/3702212.3702224,https://api.elsevier.com/content/abstract/scopus_id/85219168230,-8468015619394190675,,
CEP_2025_412277,CEP,2025,Group Assignments and Support Aimed to Develop Student Teamwork Skills and a Positive Attitude Towards Teamwork in Computer Science Higher Education,10.1145/3702212.3702215,https://api.elsevier.com/content/abstract/scopus_id/85219167527,1506320672858412277,4.0,
CEP_2024_907678,CEP,2024,PRIMM and Proper: Authentic Investigation in HE Introductory Programming with PeerWise and GitHub,10.1145/3633053.3633062,https://api.elsevier.com/content/abstract/scopus_id/85182746582,8670782268176907678,4.0,
CEP_2024_623218,CEP,2024,Automated Assessment for Databases Units,10.1145/3633053.3633059,https://api.elsevier.com/content/abstract/scopus_id/85182745652,-9087556934345623218,4.0,
CEP_2024_714242,CEP,2024,Video Versus Source Code Lab Solutions,10.1145/3633053.3633056,https://api.elsevier.com/content/abstract/scopus_id/85182744334,-6688068108853714242,4.0,
CEP_2024_029861,CEP,2024,A synthesized teaching model that promotes both procedural and conceptual knowledge dimensions in CS1,10.1145/3633053.3633064,https://api.elsevier.com/content/abstract/scopus_id/85182743166,-5909293216277029861,4.0,
CEP_2024_930546,CEP,2024,Tool-Driven Scaffolding of Student-Generated Analogies in CS1,10.1145/3633053.3633061,https://api.elsevier.com/content/abstract/scopus_id/85182741510,-5775603363901930546,4.0,
CEP_2024_128826,CEP,2024,Embedding culturally relevant pedagogy in practice: Considerations for training and resource development,10.1145/3633053.3633058,https://api.elsevier.com/content/abstract/scopus_id/85182736108,-928058701922128826,4.0,
CEP_2024_518694,CEP,2024,Incorporating Generative AI into Software Development Education,10.1145/3633053.3633057,https://api.elsevier.com/content/abstract/scopus_id/85182731336,-2969216435326518694,4.0,
CEP_2024_873357,CEP,2024,Orienting learners and teachers in introductory programming classes: The ABC Framework,10.1145/3633053.3633063,https://api.elsevier.com/content/abstract/scopus_id/85182730194,-7557829938052873357,4.0,
CEP_2024_395918,CEP,2024,Automated Marking in Undergraduate Programming Classes,10.1145/3633053.3633060,https://api.elsevier.com/content/abstract/scopus_id/85182728857,-8240772430193395918,4.0,
CEP_2024_520171,CEP,2024,Institute of Coding in Wales Digital Skills Bootcamps-Micro-Credentials: A Pilot Project,10.1145/3633053.3633055,https://api.elsevier.com/content/abstract/scopus_id/85182727665,-382064656336520171,4.0,
CEP_2024_307740,CEP,2024,Beyond Apps: Tablet and Micro:bit Devices as Tools for Creative Computing in Primary Schools,10.1145/3633053.3633054,https://api.elsevier.com/content/abstract/scopus_id/85182726613,4720900988682307740,4.0,
CEP_2023_101169,CEP,2023,Exploring Student Perceptions and Expectations of Cyber Security,10.1145/3573260.3573267,https://api.elsevier.com/content/abstract/scopus_id/85145780215,3290556960070101169,4.0,
CEP_2023_385722,CEP,2023,Research-led Active Learning Sessions in Cyber Security through Research Paper Reading,10.1145/3573260.3573269,https://api.elsevier.com/content/abstract/scopus_id/85145778758,-6304388317351385722,4.0,
CEP_2023_508486,CEP,2023,Data Science Course Design for a Large-Scale Cohort using Individual Project-Based Learning,10.1145/3573260.3573265,https://api.elsevier.com/content/abstract/scopus_id/85145776925,1237505684726508486,4.0,
CEP_2023_276205,CEP,2023,An alternative supervision model for postgraduate projects A course-specific approach,10.1145/3573260.3573268,https://api.elsevier.com/content/abstract/scopus_id/85145776666,-3211913471840276205,4.0,
CEP_2023_007662,CEP,2023,Introducing Modelling and Code Comprehension from the First Days of an Introductory Programming Class,10.1145/3573260.3573266,https://api.elsevier.com/content/abstract/scopus_id/85145773483,6702474980741007662,4.0,
CEP_2023_122037,CEP,2023,Using a Virtual Computing Lab to Teach Programming at a Distance,10.1145/3573260.3573262,https://api.elsevier.com/content/abstract/scopus_id/85145771518,-1400822217246122037,4.0,
CEP_2023_465033,CEP,2023,Engaging Students in Threat Thinking with the Cyber Security Cinema,10.1145/3573260.3573264,https://api.elsevier.com/content/abstract/scopus_id/85145769993,2600833181277465033,4.0,
CEP_2023_959743,CEP,2023,"An Online Marking, Feedback and Moderation Tool for Computer Science Higher Education Courses",10.1145/3573260.3573261,https://api.elsevier.com/content/abstract/scopus_id/85145768828,-7885348954542959743,4.0,
CEP_2023_511855,CEP,2023,How to Learn a New Language: A Novel Introductory Programming Course,10.1145/3573260.3573263,https://api.elsevier.com/content/abstract/scopus_id/85145768725,-4729760056992511855,4.0,
CEP_2022_291813,CEP,2022,Feedback and Engagement on an Introductory Programming Module,10.1145/3498343.3498348,https://api.elsevier.com/content/abstract/scopus_id/85122638542,-1511404468943291813,4.0,
CEP_2022_787271,CEP,2022,Gender parity in peer assessment of team software development projects,10.1145/3498343.3498346,https://api.elsevier.com/content/abstract/scopus_id/85122638509,9085051069555787271,4.0,
CEP_2022_084840,CEP,2022,Application of Amazon Web Services within teaching & learning at Coventry University Group,10.1145/3498343.3498350,https://api.elsevier.com/content/abstract/scopus_id/85122637576,7085074165480084840,4.0,
CEP_2022_055393,CEP,2022,LMC + Scratch: A recipe to construct a mental model of program execution,10.1145/3498343.3498353,https://api.elsevier.com/content/abstract/scopus_id/85122636049,-8382768424023055393,4.0,
CEP_2022_876597,CEP,2022,Assessing Knowledge and Skills in Forensics with Alternative Assessment Pathways,10.1145/3498343.3498351,https://api.elsevier.com/content/abstract/scopus_id/85122632819,4430593425644876597,4.0,
CEP_2022_284903,CEP,2022,Automated Code Tracing Exercises for CS1,10.1145/3498343.3498347,https://api.elsevier.com/content/abstract/scopus_id/85122631421,-5031779569990284903,4.0,
CEP_2022_528793,CEP,2022,Co-Constructing a Community of Practice for Early-Career Computer Science Academics in the UK,10.1145/3498343.3498349,https://api.elsevier.com/content/abstract/scopus_id/85122628873,3978703473519528793,4.0,
CEP_2022_972398,CEP,2022,Narrowing and Stretching: Addressing the Challenge of Multi-track Programming,10.1145/3498343.3498344,https://api.elsevier.com/content/abstract/scopus_id/85122619157,3043290086639972398,4.0,
CEP_2022_823462,CEP,2022,Promoting Engagement in Remote Computing Ethics Education,10.1145/3498343.3498345,https://api.elsevier.com/content/abstract/scopus_id/85122611092,-6400726862412823462,4.0,
CEP_2021_093490,CEP,2021,How Early is Early Enough: Correlating Student Performance with Final Grades.,10.1145/3437914.3437972,https://api.elsevier.com/content/abstract/scopus_id/85099472959,7974782820436093490,4.0,
CEP_2021_787925,CEP,2021,Analysis of an automatic grading system within first year Computer Science programming modules,10.1145/3437914.3437973,https://api.elsevier.com/content/abstract/scopus_id/85099470971,5711493551757787925,4.0,
CEP_2021_707576,CEP,2021,Student Perceptions of Assessment and Feedback-Are they valid?,10.1145/3437914.3437970,https://api.elsevier.com/content/abstract/scopus_id/85099466419,-6230220302932707576,4.0,
CEP_2021_909678,CEP,2021,A Repository of Resources and Exemplars for the Cloud Curriculum,10.1145/3437914.3437971,https://api.elsevier.com/content/abstract/scopus_id/85099458899,6704016811391909678,4.0,
CEP_2021_240293,CEP,2021,Supporting Early-Career Academics in the UK Computer Science Community,10.1145/3437914.3437977,https://api.elsevier.com/content/abstract/scopus_id/85099454627,1596206852314240293,4.0,
CEP_2021_727951,CEP,2021,Automating Feedback for Computing Vivas and Presentations-A Journey,10.1145/3437914.3437969,https://api.elsevier.com/content/abstract/scopus_id/85099451614,-4284370339117727951,4.0,
CEP_2021_054738,CEP,2021,Using contributing student pedagogy to enhance support for teamworking in computer science projects,10.1145/3437914.3437976,https://api.elsevier.com/content/abstract/scopus_id/85099449525,4411134120144054738,4.0,
CEP_2021_857279,CEP,2021,Using the One Minute Paper to Gain Insight into Potential Threshold Concepts in Artificial Intelligence Courses,10.1145/3437914.3437974,https://api.elsevier.com/content/abstract/scopus_id/85099447089,1860679013497857279,4.0,
CEP_2021_381012,CEP,2021,Improving Computer Science Student Graduate Skills through Assessment,10.1145/3437914.3437979,https://api.elsevier.com/content/abstract/scopus_id/85099445085,-4805180239406381012,,
CEP_2021_352231,CEP,2021,Enhancing Faculty-Student Interaction in an Undergraduate Algorithms Course through Group Oral Presentations,10.1145/3437914.3437975,https://api.elsevier.com/content/abstract/scopus_id/85099440901,3354441840807352231,4.0,
CEP_2020_152250,CEP,2020,Addressing mixed levels of prior knowledge by individualising learning pathways in a Degree Apprenticeship Summer School,10.1145/3372356.3372370,https://api.elsevier.com/content/abstract/scopus_id/85123043066,-3579470862339152250,,
CEP_2020_572176,CEP,2020,Brief encounters,10.1145/3372356.3372365,https://api.elsevier.com/content/abstract/scopus_id/85123042669,8272695001361572176,,
CEP_2020_988898,CEP,2020,Errors and poor practices of software engineering students in using GIT,10.1145/3372356.3372364,https://api.elsevier.com/content/abstract/scopus_id/85123042450,7265657957273988898,,
CEP_2020_403170,CEP,2020,The pass effect how peer assisted study sessions contribute to a computing community,10.1145/3372356.3372371,https://api.elsevier.com/content/abstract/scopus_id/85123042191,-5189278042098403170,,
CEP_2020_619490,CEP,2020,Computer science degree accreditation in the UK: A post-shadbolt review update,10.1145/3372356.3372362,https://api.elsevier.com/content/abstract/scopus_id/85123041962,7178091737083619490,,
CEP_2020_888923,CEP,2020,Creative assessment in programming: Diversity and divergence,10.1145/3372356.3372369,https://api.elsevier.com/content/abstract/scopus_id/85123041867,-1519401020457888923,,
CEP_2020_729916,CEP,2020,Gamification of team interaction in a distance learning environment,10.1145/3372356.3372368,https://api.elsevier.com/content/abstract/scopus_id/85123041848,-7265888260995729916,,
CEP_2020_610545,CEP,2020,Engaging science and engineering students in computing education through learner-created videos and physical computing tools,10.1145/3372356.3372372,https://api.elsevier.com/content/abstract/scopus_id/85123041335,-298257718025610545,,
CEP_2020_834515,CEP,2020,Increasing academic diversity and inter-disciplinarity of Computer Science in Higher Education,10.1145/3372356.3372366,https://api.elsevier.com/content/abstract/scopus_id/85123041240,-1692666627346834515,,
CEP_2020_337158,CEP,2020,First Year Computer Science Projects at Coventry University Activity-led integrative team projects with continuous assessment,10.1145/3372356.3372358,https://api.elsevier.com/content/abstract/scopus_id/85123040981,2363572924844337158,,
CEP_2020_503843,CEP,2020,Improving technical communication with a cue awareness intervention using poster presentations,10.1145/3372356.3372361,https://api.elsevier.com/content/abstract/scopus_id/85123040767,-3757621846283503843,,
CEP_2020_361182,CEP,2020,Building an enhanced student experience reflections from the department of computer science at the University of Bath,10.1145/3372356.3372363,https://api.elsevier.com/content/abstract/scopus_id/85123040752,1922104367013361182,,
CEP_2020_850224,CEP,2020,How to successfully run a digital apprenticeship: The programming boot camp case study,10.1145/3372356.3372359,https://api.elsevier.com/content/abstract/scopus_id/85123040515,4628753382930850224,,
CEP_2020_358100,CEP,2020,Designing a portfolio-oriented curriculum using problem based learning,10.1145/3372356.3372367,https://api.elsevier.com/content/abstract/scopus_id/85123040144,1016803007082358100,,
CEP_2020_738729,CEP,2020,Computing with CodeRunner at Coventry University Automated summative assessment of Python and C++ code,10.1145/3372356.3372357,https://api.elsevier.com/content/abstract/scopus_id/85117541004,-1205121250614738729,,
CEP_2020_364373,CEP,2020,Analysis of student misconceptions using python as an introductory programming language,10.1145/3372356.3372360,https://api.elsevier.com/content/abstract/scopus_id/85117540541,-311057874866364373,,
CEP_2019_661794,CEP,2019,Supervisor recommendation tool for computer science projects,10.1145/3294016.3294030,https://api.elsevier.com/content/abstract/scopus_id/85123043263,-365542675143661794,,
CEP_2019_193834,CEP,2019,A flexible approach to introductory programming engaging and motivating students,10.1145/3294016.3294025,https://api.elsevier.com/content/abstract/scopus_id/85123042933,-9208208205901193834,,
CEP_2019_111802,CEP,2019,Engaging with computer science when solving tangible problems,10.1145/3294016.3294026,https://api.elsevier.com/content/abstract/scopus_id/85123042741,-3500028482107111802,,
CEP_2019_135934,CEP,2019,Papertian mathetics with concept map stories,10.1145/3294016.3294023,https://api.elsevier.com/content/abstract/scopus_id/85123042643,-4274786652331135934,,
CEP_2019_279915,CEP,2019,Teaching of computing to mathematics students: Programming and discrete mathematics,10.1145/3294016.3294022,https://api.elsevier.com/content/abstract/scopus_id/85123042558,-109873413121279915,,
CEP_2019_983044,CEP,2019,Investigating the role choice of female students in a software engineering team project,10.1145/3294016.3294028,https://api.elsevier.com/content/abstract/scopus_id/85123042555,-5408368609128983044,,
CEP_2019_985955,CEP,2019,Learning to program: From problems to code,10.1145/3294016.3294024,https://api.elsevier.com/content/abstract/scopus_id/85123042049,-5206905687763985955,,
CEP_2019_912194,CEP,2019,Data protection and privacy regulations as an inter-active-constructive practice,10.1145/3294016.3294021,https://api.elsevier.com/content/abstract/scopus_id/85123041958,-863084575262912194,,
CEP_2019_595570,CEP,2019,Nurturing collaboration in an undergraduate computing course with robot-themed team training and team building,10.1145/3294016.3294019,https://api.elsevier.com/content/abstract/scopus_id/85123041621,8231787010774595570,,
CEP_2019_145714,CEP,2019,Improving professionalism in first year computer science students teaching what can’t be taught,10.1145/3294016.3294027,https://api.elsevier.com/content/abstract/scopus_id/85123041162,1525908288994145714,,
CEP_2019_338693,CEP,2019,Teaching computing via a school placement,10.1145/3294016.3294029,https://api.elsevier.com/content/abstract/scopus_id/85123040758,1659016264976338693,,
CEP_2019_758221,CEP,2019,Teaching relational database fundamentals: A lack-of-progress report,10.1145/3294016.3294031,https://api.elsevier.com/content/abstract/scopus_id/85123040588,9002296286286758221,,
CEP_2019_134086,CEP,2019,Designing computer security assessments to reduce plagiarism,10.1145/3294016.3294020,https://api.elsevier.com/content/abstract/scopus_id/85122642711,5178358688959134086,,
CEP_2019_956938,CEP,2019,Computing with Codio at Coventry University online virtual Linux boxes and automated formative feedback,10.1145/3294016.3294018,https://api.elsevier.com/content/abstract/scopus_id/85122618854,5656789686925956938,,
CEP_2019_164463,CEP,2019,Teaching data ethics: “We’re going to ethics the heck out of this”,10.1145/3294016.3294017,https://api.elsevier.com/content/abstract/scopus_id/85122617077,2404044634132164463,,
CEP_2019_914851,CEP,2019,The Institute of Coding: Addressing the UK digital skills crisis,10.1145/3294016.3298736,https://api.elsevier.com/content/abstract/scopus_id/85117535924,956747609258914851,,
UKICER_2024_998888,UKICER,2024,Understanding the role models that inspire women to study Computing Science,10.1145/3689535.3689557,https://api.elsevier.com/content/abstract/scopus_id/85211380817,9048557263602998888,,
UKICER_2024_442429,UKICER,2024,Subject Knowledge Development for Trainee Teachers of Computer Science,10.1145/3689535.3689560,https://api.elsevier.com/content/abstract/scopus_id/85211374576,3804508825143442429,,
UKICER_2024_331572,UKICER,2024,Bridging the gap through co-creation: Learning programming in a mixed backgrounds class,10.1145/3689535.3689544,https://api.elsevier.com/content/abstract/scopus_id/85211373634,-8154646715289331572,,
UKICER_2024_580146,UKICER,2024,It's Useful But Not Interesting: Girls on Computing in School,10.1145/3689535.3689536,https://api.elsevier.com/content/abstract/scopus_id/85211370407,-3319177952219580146,,
UKICER_2024_834699,UKICER,2024,A Peer-Led Approach to Tutor Training: Implementation and Outcomes,10.1145/3689535.3689558,https://api.elsevier.com/content/abstract/scopus_id/85211369678,4743490878584834699,,
UKICER_2024_388233,UKICER,2024,"Work in Progress Workshop: Themes, Challenges and Opportunities",10.1145/3689535.3689550,https://api.elsevier.com/content/abstract/scopus_id/85211360596,2135446520843388233,,
UKICER_2024_074173,UKICER,2024,Algorithmic essays,10.1145/3689535.3689547,https://api.elsevier.com/content/abstract/scopus_id/85211359414,-1903655377198074173,,
UKICER_2024_055792,UKICER,2024,Developing Computing Teacher Guidance on GenAI,10.1145/3689535.3689538,https://api.elsevier.com/content/abstract/scopus_id/85211358693,5342668002383055792,,
UKICER_2024_114445,UKICER,2024,Formative vs. Summative Assessment of Practical Programming Tasks: Do We Need to Investigate?,10.1145/3689535.3689549,https://api.elsevier.com/content/abstract/scopus_id/85211354868,4979815501153114445,,
UKICER_2024_504625,UKICER,2024,LLM-aided Pair Programming for Algorithm Tracing,10.1145/3689535.3689546,https://api.elsevier.com/content/abstract/scopus_id/85211353719,-2972803192513504625,,
UKICER_2024_703131,UKICER,2024,Exploring a framework of computational expression,10.1145/3689535.3689559,https://api.elsevier.com/content/abstract/scopus_id/85211350146,7826324791497703131,,
UKICER_2024_696558,UKICER,2024,K-12 Computing Teachers' Topics for Inquiry,10.1145/3689535.3689541,https://api.elsevier.com/content/abstract/scopus_id/85211347438,1703640686915696558,,
,UKICER,2024,United Kingdom Special Interest Group in Computer Science Education,,,,,
UKICER_2024_444313,UKICER,2024,Exploring Computing Teachers' Readiness to Teach AI in Secondary Schools,10.1145/3689535.3689543,https://api.elsevier.com/content/abstract/scopus_id/85211341478,-1083931230988444313,,
UKICER_2024_680022,UKICER,2024,Research in Practice Project Activity (RIPPA): Capital in Computing Education in the United Kingdom and Ireland,10.1145/3689535.3689561,https://api.elsevier.com/content/abstract/scopus_id/85211338968,-187481344858680022,,
UKICER_2024_443207,UKICER,2024,"Secondary Students' Emerging Conceptions of AI: Understanding AI Applications, Models, Engines and Implications",10.1145/3689535.3689552,https://api.elsevier.com/content/abstract/scopus_id/85211336996,-6318702157877443207,,
UKICER_2024_694785,UKICER,2024,"Effects of Group Size, Choice and Membership in Group Assignments Aimed At Developing Student Employability",10.1145/3689535.3689540,https://api.elsevier.com/content/abstract/scopus_id/85211334049,-2788020607393694785,,
UKICER_2024_084744,UKICER,2024,Exploring the Relationship between Debugging Self-Efficacy and CASE Tools for Novice Troubleshooting,10.1145/3689535.3689556,https://api.elsevier.com/content/abstract/scopus_id/85211325218,4058315012957084744,,
UKICER_2024_811789,UKICER,2024,Meaningful automated feedback on Objected-Oriented program development tasks in Java,10.1145/3689535.3689555,https://api.elsevier.com/content/abstract/scopus_id/85211323375,-7532875951314811789,,
UKICER_2024_408321,UKICER,2024,Some theories from abroad for AI interaction literacy,10.1145/3689535.3689563,https://api.elsevier.com/content/abstract/scopus_id/85211317017,2685463941385408321,,
UKICER_2024_936622,UKICER,2024,How Are Commercial Video Games Used by Teachers to Support Primary Aged Children's Learning of Programming Concepts?,10.1145/3689535.3689539,https://api.elsevier.com/content/abstract/scopus_id/85211316807,1456314119964936622,,
UKICER_2023_314695,UKICER,2023,Technocamps: 30 Years of Digital Education and Professional Development Throughout Wales,10.1145/3610969.3611131,https://api.elsevier.com/content/abstract/scopus_id/85174545027,-3079219461709314695,,
UKICER_2023_552105,UKICER,2023,Systematic Review of UML Diagramming Software Tools for Higher Education Software Engineering Courses,10.1145/3610969.3611123,https://api.elsevier.com/content/abstract/scopus_id/85174543641,8066014342230552105,,
UKICER_2023_885238,UKICER,2023,Disruptors in Educational Technology: A Futurespective Case Study of UK Computing Academics,10.1145/3610969.3611127,https://api.elsevier.com/content/abstract/scopus_id/85174531573,2122968779613885238,,
UKICER_2023_325170,UKICER,2023,Are You Ready to Teach AI in Schools? Teachers' Perspectives of Teaching AI in K-12 Settings,10.1145/3610969.3610973,https://api.elsevier.com/content/abstract/scopus_id/85174530510,-213180183058325170,,
UKICER_2023_431973,UKICER,2023,Towards Automated Testing and Feedback of Object-Oriented Programming Tasks in Java,10.1145/3610969.3611129,https://api.elsevier.com/content/abstract/scopus_id/85174530193,3171361813025431973,,
UKICER_2023_490436,UKICER,2023,Engaging primary (K-5) computing teachers in culturally relevant pedagogy through professional development,10.1145/3610969.3611118,https://api.elsevier.com/content/abstract/scopus_id/85174526934,-2170491244149490436,,
UKICER_2023_511483,UKICER,2023,Expanding the Circle of Critical Friends in UK Computing Education Research with the Works-in-Progress (WiP) Workshop,10.1145/3610969.3613385,https://api.elsevier.com/content/abstract/scopus_id/85174524668,1460619047312511483,,
UKICER_2023_761630,UKICER,2023,Investigating the Attitudes and Emotions of K-12 Students Towards Debugging,10.1145/3610969.3611120,https://api.elsevier.com/content/abstract/scopus_id/85174521006,-8705915020904761630,,
UKICER_2023_983275,UKICER,2023,A Module-Agnostic Reference Software Development Process for Different Levels of Higher-Education Study,10.1145/3610969.3611122,https://api.elsevier.com/content/abstract/scopus_id/85174517931,-5050779934759983275,,
UKICER_2023_770417,UKICER,2023,"Equality, Diversity, and Inclusion in the CS Curriculum",10.1145/3610969.3611125,https://api.elsevier.com/content/abstract/scopus_id/85174516480,-2521596950747770417,,
UKICER_2023_023444,UKICER,2023,Generative AI in Software Development Education: Insights from a Degree Apprenticeship Programme,10.1145/3610969.3611132,https://api.elsevier.com/content/abstract/scopus_id/85174512557,669306603387023444,,
UKICER_2023_967312,UKICER,2023,Teaching Programming Competencies: A Role for Craft Computing?,10.1145/3610969.3611140,https://api.elsevier.com/content/abstract/scopus_id/85174512213,-8312699885811967312,,
UKICER_2023_081537,UKICER,2023,"""embedding Dispositions in Peer Assessment for Software Teams: More than just a \""Product\"" Focus""",10.1145/3610969.3611142,https://api.elsevier.com/content/abstract/scopus_id/85174509025,-3087915767449081537,,
UKICER_2023_740134,UKICER,2023,The Institute of Coding Accreditation Standard: Exploring the Use of a Professional Skills Framework to Address the UK Skills Gap,10.1145/3610969.3611121,https://api.elsevier.com/content/abstract/scopus_id/85174507301,7058331562790740134,,
UKICER_2023_605843,UKICER,2023,Improving the Teaching and Learning of Debugging in Secondary Schools,10.1145/3610969.3611143,https://api.elsevier.com/content/abstract/scopus_id/85174505423,-1990142789403605843,,
UKICER_2023_552468,UKICER,2023,Digital Outreach via Theatre Productions,10.1145/3610969.3611130,https://api.elsevier.com/content/abstract/scopus_id/85174505112,7157607091463552468,,
UKICER_2023_044918,UKICER,2023,An Overview of the Relationship between Spatial Skills and Computing Science,10.1145/3610969.3611133,https://api.elsevier.com/content/abstract/scopus_id/85174501509,2519540552228044918,,
UKICER_2023_460617,UKICER,2023,Subject to Change: A Computing Education Research Journey,10.1145/3610969.3611115,https://api.elsevier.com/content/abstract/scopus_id/85174499422,1730221299155460617,,
UKICER_2023_150654,UKICER,2023,Teaching History of Computing,10.1145/3610969.3611136,https://api.elsevier.com/content/abstract/scopus_id/85174497832,-5184941449391150654,,
UKICER_2023_583949,UKICER,2023,Critical Reflections on the First Year of Computer Science in the New Curriculum for Wales,10.1145/3610969.3611141,https://api.elsevier.com/content/abstract/scopus_id/85174493207,7240716990344583949,,
UKICER_2023_511102,UKICER,2023,Content Co-creation for Novice Programmers,10.1145/3610969.3611135,https://api.elsevier.com/content/abstract/scopus_id/85174491158,-7818274008581511102,,
UKICER_2023_818669,UKICER,2023,Institute of Coding in Wales Digital Skills Bootcamps-A Model for Stackable Micro-credentials,10.1145/3610969.3611134,https://api.elsevier.com/content/abstract/scopus_id/85174490251,4445568068820818669,,
UKICER_2023_132205,UKICER,2023,Local Histories of Computing,10.1145/3610969.3611137,https://api.elsevier.com/content/abstract/scopus_id/85174489920,5510907470684132205,,
,UKICER,2023,UKICER 2023 Chairs Welcome,,,,,
UKICER_2023_886735,UKICER,2023,Designing Solutions to Support a New Generation of PG Computer Science Students: A Co-Participatory Approach,10.1145/3610969.3611144,https://api.elsevier.com/content/abstract/scopus_id/85174486144,-6935958574236886735,,
UKICER_2023_665190,UKICER,2023,Quick Fixes for Novice Programmers: Effective but Under-Utilised,10.1145/3610969.3611117,https://api.elsevier.com/content/abstract/scopus_id/85174483299,-4140671058959665190,,
UKICER_2022_138034,UKICER,2022,A Practice Enquiry Design to Investigate How Pair Programming Can Help with Constructing Automata,10.1145/3555009.3555031,https://api.elsevier.com/content/abstract/scopus_id/85138440232,1437808498917138034,,
UKICER_2022_576295,UKICER,2022,Towards Integrated Graduate Skills for UK Computing Science Students,10.1145/3555009.3555018,https://api.elsevier.com/content/abstract/scopus_id/85138438385,7492819075023576295,,
UKICER_2022_403729,UKICER,2022,Experience Report: Running and Participating in a Multi-Institutional Research in Practice Project Activity (RIPPA),10.1145/3555009.3555014,https://api.elsevier.com/content/abstract/scopus_id/85138430736,-1509253667069403729,,
UKICER_2022_564006,UKICER,2022,Investigating the Effects of Synchronous versus Asynchronous Online Engagement on Performance of a Large Class,10.1145/3555009.3555023,https://api.elsevier.com/content/abstract/scopus_id/85138426848,-7084729330610564006,,
UKICER_2022_672293,UKICER,2022,Computing in School in the UK & Ireland: A Comparative Study,10.1145/3555009.3555015,https://api.elsevier.com/content/abstract/scopus_id/85138416191,7411582012836672293,,
UKICER_2022_228394,UKICER,2022,Participant-centred planning Framework for effective gender balance activities in tech,10.1145/3555009.3555016,https://api.elsevier.com/content/abstract/scopus_id/85138410968,376896169910228394,,
UKICER_2022_399658,UKICER,2022,"See, Talk, Explain and Prepare (STEP): The First STEP for Primary Teachers in Introductory Programming",10.1145/3555009.3555022,https://api.elsevier.com/content/abstract/scopus_id/85138400604,371198365146399658,,
,UKICER,2022,UKICER 2022 Chairs' Welcome,,,,,
UKICER_2022_890481,UKICER,2022,Reflections on a Global Pandemic: Capturing the Impact of COVID-19 on the UK Computer Science Education Community,10.1145/3555009.3555027,https://api.elsevier.com/content/abstract/scopus_id/85138380146,-1703461381882890481,,
UKICER_2022_049115,UKICER,2022,Teaching Programming at a Distance,10.1145/3555009.3555035,https://api.elsevier.com/content/abstract/scopus_id/85138377531,-882871868570049115,,
UKICER_2022_324199,UKICER,2022,Cwricwlwm i Gymru 2022: A New Era for Computer Science in Schools in Wales?,10.1145/3555009.3555024,https://api.elsevier.com/content/abstract/scopus_id/85138365538,4983989279563324199,,
UKICER_2022_826465,UKICER,2022,Developing a sense of confidence and belonging in first-year CS students,10.1145/3555009.3555028,https://api.elsevier.com/content/abstract/scopus_id/85138359675,1072683636637826465,,
UKICER_2022_694188,UKICER,2022,Enhancing UK Computing Education Research Infrastructure with Doctoral Consortia,10.1145/3555009.3555011,https://api.elsevier.com/content/abstract/scopus_id/85138353927,-1566624241902694188,,
UKICER_2022_153760,UKICER,2022,An Exploratory Analysis of Student Experiences with Peer Evaluation in Group Game Development Projects,10.1145/3555009.3555021,https://api.elsevier.com/content/abstract/scopus_id/85138347271,-5498767811715153760,,
UKICER_2022_167067,UKICER,2022,Using Machine Learning Algorithms for Analysing the Factors That Affect Pupil Engagement and Learning Outcomes in CSE,10.1145/3555009.3555036,https://api.elsevier.com/content/abstract/scopus_id/85138322107,-5959829089419167067,,
,UKICER,2021,UKICER 2021 Chairs' Welcome,,,,,
UKICER_2021_568879,UKICER,2021,Supporting Computing Educators to Create a Cycle of Teaching and Computing Education Research,10.1145/3481282.3483527,https://api.elsevier.com/content/abstract/scopus_id/85115266940,-1089718440591568879,,
UKICER_2021_011450,UKICER,2021,Student Perspectives of Peer Assessment in Programming Courses,10.1145/3481282.3481292,https://api.elsevier.com/content/abstract/scopus_id/85115250535,2818858759919011450,,
UKICER_2021_215831,UKICER,2021,Women's Sense of Belonging in Computer Science Education: The Need for a Collective Response,10.1145/3481282.3481288,https://api.elsevier.com/content/abstract/scopus_id/85115248097,-6061623063371215831,,
UKICER_2021_834751,UKICER,2021,Female pupils' attitudes to computing in early adolescence,10.1145/3481282.3481289,https://api.elsevier.com/content/abstract/scopus_id/85115245387,-6618279618885834751,,
UKICER_2021_304545,UKICER,2021,Student Perspectives on the Purpose of Peer Evaluation during Group Game Development Projects,10.1145/3481282.3481294,https://api.elsevier.com/content/abstract/scopus_id/85115243503,6540494677547304545,,
UKICER_2021_789048,UKICER,2021,A Frame of Mind: Frame-based vs. Text-based Editing,10.1145/3481282.3481286,https://api.elsevier.com/content/abstract/scopus_id/85115240239,-7051995500196789048,,
UKICER_2021_125111,UKICER,2021,Forming Community in Computing Science Education with Research in Practice Project Activities,10.1145/3481282.3481285,https://api.elsevier.com/content/abstract/scopus_id/85115237934,-8466301980844125111,,
UKICER_2021_076937,UKICER,2021,Investigating Remote Pair Programming in Part-Time Distance Education,10.1145/3481282.3481290,https://api.elsevier.com/content/abstract/scopus_id/85115224497,4889772814551076937,,
UKICER_2021_153415,UKICER,2021,An online platform for teaching upper secondary school computer science,10.1145/3481282.3481287,https://api.elsevier.com/content/abstract/scopus_id/85115215700,-2904095383283153415,,
UKICER_2020_659805,UKICER,2020,Reflections on computing education research,10.1145/3416465.3416466,https://api.elsevier.com/content/abstract/scopus_id/85091440040,5591846220031659805,2.0,
UKICER_2020_136947,UKICER,2020,Supporting the computing science education research community with rolling reviews,10.1145/3416465.3416477,https://api.elsevier.com/content/abstract/scopus_id/85091439305,-5719295886247136947,3.0,
UKICER_2020_631471,UKICER,2020,Evaluating a peer assessment approach in introductory programming courses,10.1145/3416465.3416467,https://api.elsevier.com/content/abstract/scopus_id/85091434263,-3091926325522631471,8.0,
UKICER_2020_113085,UKICER,2020,Relating spatial skills and expression evaluation,10.1145/3416465.3416473,https://api.elsevier.com/content/abstract/scopus_id/85091431282,2950697458019113085,7.0,
UKICER_2020_046952,UKICER,2020,"The impact of COVID-19 and ""Emergency Remote Teaching"" on the UK computer science education community",10.1145/3416465.3416472,https://api.elsevier.com/content/abstract/scopus_id/85091427229,1918051631507046952,7.0,
UKICER_2020_440756,UKICER,2020,The role of explicit instruction on students learning their second programming language,10.1145/3416465.3416475,https://api.elsevier.com/content/abstract/scopus_id/85091422022,7830729957926440756,7.0,
UKICER_2020_418052,UKICER,2020,Software testing as medium for peer feedback,10.1145/3416465.3416474,https://api.elsevier.com/content/abstract/scopus_id/85091403962,-1375290376634418052,7.0,
UKICER_2019_591423,UKICER,2019,The false-positive rate of automated plagiarism detection for SQL assessments,10.1145/3351287.3351290,https://api.elsevier.com/content/abstract/scopus_id/85072812044,9071254218901591423,,
UKICER_2019_417501,UKICER,2019,Facilitating computing students’ transition to higher education,10.1145/3351287.3351298,https://api.elsevier.com/content/abstract/scopus_id/85072806888,-1588748624916417501,,
UKICER_2019_828674,UKICER,2019,Developing a work-based software engineering degree in collaboration with industry,10.1145/3351287.3351292,https://api.elsevier.com/content/abstract/scopus_id/85072805836,8244373050855828674,,
UKICER_2019_805347,UKICER,2019,What do we do when we teach software engineering?,10.1145/3351287.3351295,https://api.elsevier.com/content/abstract/scopus_id/85072803852,176708310414805347,,
UKICER_2019_046696,UKICER,2019,"Space, place and practice in computing education",10.1145/3351287.3351297,https://api.elsevier.com/content/abstract/scopus_id/85072802752,1040627710243046696,,
UKICER_2019_037530,UKICER,2019,Pulling your weight? New CS entrants’ reflections on their experience of collaborative work at high school,10.1145/3351287.3351294,https://api.elsevier.com/content/abstract/scopus_id/85072797043,452818801152037530,,
UKICER_2019_273446,UKICER,2019,Is it feasible to teach query programming in three different languages in a single session? A study on a pattern-oriented tutorial and cheat sheets,10.1145/3351287.3351293,https://api.elsevier.com/content/abstract/scopus_id/85072796542,-343926917299273446,,
UKICER_2019_180751,UKICER,2019,Unplugged computing and semantic waves: Analysing crazy characters,10.1145/3351287.3351291,https://api.elsevier.com/content/abstract/scopus_id/85072792590,-3931407007918180751,,
Koli_2024_181042,Koli,2024,Towards a Theory and Practice of Computing Education in the Digital Humanities,10.1145/3699538.3699577,https://api.elsevier.com/content/abstract/scopus_id/85215537776,-1102331306905181042,,
Koli_2024_677800,Koli,2024,Towards a Theory of Humanistic Computing and How to Teach It,10.1145/3699538.3699559,https://api.elsevier.com/content/abstract/scopus_id/85215520171,-5799578225686677800,,
Koli_2023_418511,Koli,2023,Domain-Specific Theories of Teaching Computing: Do they Inform Practice?,10.1145/3631802.3631810,https://api.elsevier.com/content/abstract/scopus_id/85185537623,4679965405711418511,,
Koli_2023_538868,Koli,2023,Pseudocode: scaffolding student object-oriented software designs,10.1145/3631802.3631846,https://api.elsevier.com/content/abstract/scopus_id/85185537499,-8114054245998538868,,
Koli_2023_180646,Koli,2023,Steps Towards a Philosophy of Computing Education (DISCUSSION PAPER),10.1145/3631802.3631817,https://api.elsevier.com/content/abstract/scopus_id/85185536435,400467836776180646,,
Koli_2023_084939,Koli,2023,Constructing feedback for computer science MCQ wrong answers using semantic profiling (Discussion Paper),10.1145/3631802.3631803,https://api.elsevier.com/content/abstract/scopus_id/85185532291,7446764027550084939,,
Koli_2023_997732,Koli,2023,Towards an Aid for Teaching Effective Debugging to Lower Secondary Students (Doctoral Consortium),10.1145/3631802.3631833,https://api.elsevier.com/content/abstract/scopus_id/85185530944,-1182020804266997732,,
Koli_2023_950480,Koli,2023,Encouraging the Development of Computational Thinking Skills through Structured Dance Activities (Discussion Paper),10.1145/3631802.3631811,https://api.elsevier.com/content/abstract/scopus_id/85185530755,2148006112948950480,,
Koli_2022_967295,Koli,2022,Network Packet Analysis as a Unit of Assessment: Identifying Emotet,10.1145/3564721.3565952,https://api.elsevier.com/content/abstract/scopus_id/85142938034,-5268542195967295,,
Koli_2022_071083,Koli,2022,With a Rise in Computing Disciplines Comes a Greater Choice of Computing Degrees in Higher Education,10.1145/3564721.3565946,https://api.elsevier.com/content/abstract/scopus_id/85142930372,9167693435675071083,,
Koli_2022_429653,Koli,2022,Why Students Drop Computing Science: Using Models of Motivation to Understand Student Attrition and Retention,10.1145/3564721.3564733,https://api.elsevier.com/content/abstract/scopus_id/85142919271,-1940102051153429653,,
Koli_2021_860640,Koli,2021,No Gender Difference in CS1 Grade for Students with Programming from High School: An Exploratory Study,10.1145/3488042.3488071,https://api.elsevier.com/content/abstract/scopus_id/85119889717,-4595700583907860640,,
Koli_2021_378624,Koli,2021,English versus Native Language for Higher Education in Computer Science: A Pilot Study,10.1145/3488042.3488070,https://api.elsevier.com/content/abstract/scopus_id/85119879655,3459274746535378624,,
Koli_2021_833943,Koli,2021,Looking at the main Method - An Educator's Perspective,10.1145/3488042.3488068,https://api.elsevier.com/content/abstract/scopus_id/85119874175,-8529032219413833943,,
Koli_2021_637781,Koli,2021,Flipped Classroom Teaching in a Mathematics for Technology Course: Recommendations for Success,10.1145/3488042.3488046,https://api.elsevier.com/content/abstract/scopus_id/85119871606,-714682407632637781,,
Koli_2021_194462,Koli,2021,Teaching computing in school: is K-12 research reaching classroom practice?,10.1145/3488042.3491040,https://api.elsevier.com/content/abstract/scopus_id/85119853993,-2235800043875194462,,
Koli_2021_266939,Koli,2021,The Importance of Context: Assessing the Challenges of K-12 Computing Education through the Lens of Biggs 3P Model,10.1145/3488042.3488043,https://api.elsevier.com/content/abstract/scopus_id/85119852055,-3687577902500266939,,
Koli_2021_879864,Koli,2021,Opportunities to Fail: Using Peer-review to support Assessment Literacy in Cyber Security,10.1145/3488042.3489967,https://api.elsevier.com/content/abstract/scopus_id/85119850175,-8805391696421879864,,
Koli_2021_220991,Koli,2021,Learning in Context: A First Look at a Graduate Apprenticeship,10.1145/3488042.3490020,https://api.elsevier.com/content/abstract/scopus_id/85119839314,-7505785153377220991,,
Koli_2021_807817,Koli,2021,Visual recipes for slicing and dicing data: teaching data wrangling using subgoal graphics,10.1145/3488042.3488063,https://api.elsevier.com/content/abstract/scopus_id/85119825955,1848038671739807817,,
Koli_2021_803712,Koli,2021,Evaluating a Pedagogy for Improving Conceptual Transfer and Understanding in a Second Programming Language Learning Context,10.1145/3488042.3488050,https://api.elsevier.com/content/abstract/scopus_id/85119820544,7288748115197803712,,
Koli_2021_246894,Koli,2021,Spatial Skills and Demographic Factors in CS1,10.1145/3488042.3488049,https://api.elsevier.com/content/abstract/scopus_id/85119480590,-2666675989048246894,,
Koli_2020_327961,Koli,2020,Fostering Knowledge of Computer Viruses among Children: The Effects of a Lesson with a Cartoon Series,10.1145/3428029.3428033,https://api.elsevier.com/content/abstract/scopus_id/85123042266,357519373059327961,,
Koli_2019_030619,Koli,2019,Enhancing research skills in undergraduate students through seminars,10.1145/3364510.3366169,https://api.elsevier.com/content/abstract/scopus_id/85076770452,-4444281578084030619,,
Koli_2019_625700,Koli,2019,Aligning competence hierarchies with bloom's taxonomies: Changing the focus for computing education,10.1145/3364510.3366147,https://api.elsevier.com/content/abstract/scopus_id/85076749346,6760922104198625700,,
Koli_2019_224489,Koli,2019,An international comparison of K-12 computer science education intended and enacted curricula,10.1145/3364510.3364517,https://api.elsevier.com/content/abstract/scopus_id/85076741820,-4289509966672224489,,
Koli_2019_410256,Koli,2019,Addressing bias to improve reliability in peer review of programming coursework,10.1145/3364510.3364523,https://api.elsevier.com/content/abstract/scopus_id/85076727122,-8556240526438410256,,
ITiCSE_2025_029136,ITiCSE,2025,A Pedagogical Framework for Developing Abstraction Skills,10.1145/3689187.3709613,https://api.elsevier.com/content/abstract/scopus_id/85219579537,-5997684985219029136,42.0,
ITiCSE_2025_305307,ITiCSE,2025,"Diversity, Equity, and Inclusion in Computing Science: Culture is the Key, Curriculum Contributes",10.1145/3689187.3709611,https://api.elsevier.com/content/abstract/scopus_id/85219569881,4937697717079305307,51.0,
ITiCSE_2025_020217,ITiCSE,2025,Instructors' Perspectives on Capstone Courses in Computing Fields: A Mixed-Methods Study,10.1145/3689187.3709608,https://api.elsevier.com/content/abstract/scopus_id/85219562352,-2971663736948020217,27.0,
ITiCSE_2025_129199,ITiCSE,2025,AI Integration in the IT Professional Workplace: A Scoping Review and Interview Study with Implications for Education and Professional Competencies,10.1145/3689187.3709607,https://api.elsevier.com/content/abstract/scopus_id/85219553333,-4434166378443129199,34.0,
ITiCSE_2025_634071,ITiCSE,2025,What We Talk About When We Talk About K-12 Computing Education,10.1145/3689187.3709612,https://api.elsevier.com/content/abstract/scopus_id/85219535582,4034902945347634071,32.0,
ITiCSE_2025_751922,ITiCSE,2025,Computing Education in African Countries: A Literature Review and Contextualised Learning Materials,10.1145/3689187.3709606,https://api.elsevier.com/content/abstract/scopus_id/85219526229,3887179783773751922,33.0,
ITiCSE_2025_999048,ITiCSE,2025,Introducing Code Quality at CS1 Level: Examples and Activities,10.1145/3689187.3709615,https://api.elsevier.com/content/abstract/scopus_id/85219525965,-3825771322798999048,39.0,
ITiCSE_2025_164415,ITiCSE,2025,An International Examination of Non-Technical Skills and Professional Dispositions in Computing - Identifying the Present Day Academia-Industry Gap,10.1145/3689187.3709610,https://api.elsevier.com/content/abstract/scopus_id/85219518165,-3504437494888164415,51.0,
ITiCSE_2025_255249,ITiCSE,2025,"Data Systems Education: Curriculum Recommendations, Course Syllabi, and Industry Needs",10.1145/3689187.3709609,https://api.elsevier.com/content/abstract/scopus_id/85219507270,5763014816794255249,29.0,
ITiCSE_2024_966507,ITiCSE,2024,"All for One and One for All – Collaboration in Computing Education: Policy, Practice, and Professional Dispositions",10.1145/3649405.3659530,https://api.elsevier.com/content/abstract/scopus_id/85198657626,1558746379908966507,2.0,
ITiCSE_2024_199463,ITiCSE,2024,Measuring Teacher Self-Efficacy and Careers Awareness in K-12 AI Education,10.1145/3649405.3659489,https://api.elsevier.com/content/abstract/scopus_id/85198655598,150100276141199463,,
ITiCSE_2024_895058,ITiCSE,2024,Experiences of Instructors Who Teach Capstone Courses in Computing Fields,10.1145/3649405.3659528,https://api.elsevier.com/content/abstract/scopus_id/85198653669,-6403910696474895058,2.0,
ITiCSE_2024_069213,ITiCSE,2024,A Preliminary Study of Viewpoints of the Learner-Earner Journey,10.1145/3649405.3659491,https://api.elsevier.com/content/abstract/scopus_id/85198648327,-759678929165069213,,
ITiCSE_2024_675141,ITiCSE,2024,Curriculum Analysis for Data Systems Education,10.1145/3649405.3659529,https://api.elsevier.com/content/abstract/scopus_id/85198647280,208066949262675141,2.0,
ITiCSE_2024_356895,ITiCSE,2024,"Exploring Equity, Diversity, and Inclusion in Computer Science Undergraduate Curricula",10.1145/3649405.3659531,https://api.elsevier.com/content/abstract/scopus_id/85198647049,-6391882244073356895,2.0,
ITiCSE_2024_493899,ITiCSE,2024,Values and Beliefs Underpinning K-12 Computing Education,10.1145/3649405.3659532,https://api.elsevier.com/content/abstract/scopus_id/85198644589,32809557771493899,2.0,
ITiCSE_2024_933079,ITiCSE,2024,Introducing Code Quality in the CS1 Classroom,10.1145/3649405.3659535,https://api.elsevier.com/content/abstract/scopus_id/85198638608,-6614064076579933079,2.0,
ITiCSE_2024_509264,ITiCSE,2024,Integrating Automated Feedback into a Creative Coding Course,10.1145/3649405.3659490,https://api.elsevier.com/content/abstract/scopus_id/85198632007,9191866061642509264,,
,ITiCSE,2024,ITiCSE 2024 Chairs’ Welcome,,,,,
ITiCSE_2024_996889,ITiCSE,2024,Educators as Stakeholders within Adaptive Learning,10.1145/3649405.3659469,https://api.elsevier.com/content/abstract/scopus_id/85198628638,-9156009361947996889,2.0,
ITiCSE_2024_136632,ITiCSE,2024,Simplifying Multimedia Programming for Novice Programmers: MediaLib and Its Learning Materials,10.1145/3649405.3659521,https://api.elsevier.com/content/abstract/scopus_id/85198624644,3552673907423136632,2.0,
ITiCSE_2024_277166,ITiCSE,2024,A Plan for a Joint Study into the Impacts of AI on Professional Competencies of IT Professionals and Implications for Computing Students,10.1145/3649405.3659527,https://api.elsevier.com/content/abstract/scopus_id/85198623604,5923034255851277166,2.0,
ITiCSE_2024_510945,ITiCSE,2024,Working Group Proposal: Computing Education in Africa,10.1145/3649405.3659526,https://api.elsevier.com/content/abstract/scopus_id/85198618239,3843311922992510945,2.0,
ITiCSE_2024_547913,ITiCSE,2024,Designing a Pedagogical Framework for Developing Abstraction Skills,10.1145/3649405.3659533,https://api.elsevier.com/content/abstract/scopus_id/85198616484,1056713560807547913,2.0,
ITiCSE_2024_949036,ITiCSE,2024,ITiCSE 2024 Chairs Welcome,10.1145/3649217.fm,https://api.elsevier.com/content/abstract/scopus_id/85198985809,8266707605504949036,,
ITiCSE_2024_772829,ITiCSE,2024,Semantic Similarity Search for Source Code Plagiarism Detection: An Exploratory Study,10.1145/3649217.3653622,https://api.elsevier.com/content/abstract/scopus_id/85198904827,-4682830427573772829,7.0,
ITiCSE_2024_905783,ITiCSE,2024,Feedback Literacy: Holistic Analysis of Secondary Educators' Views of LLM Explanations of Program Error Messages,10.1145/3649217.3653595,https://api.elsevier.com/content/abstract/scopus_id/85198903280,4173162247204905783,7.0,
ITiCSE_2024_793760,ITiCSE,2024,Building Student Support for Computing Students: How Do Students Respond to Different Models?,10.1145/3649217.3653553,https://api.elsevier.com/content/abstract/scopus_id/85198902716,7021610263833793760,7.0,
ITiCSE_2024_759425,ITiCSE,2024,"Embedding Technical, Personal and Professional Competencies in Computing Degree Programmes",10.1145/3649217.3653578,https://api.elsevier.com/content/abstract/scopus_id/85198901484,1862523223750759425,7.0,
ITiCSE_2023_215048,ITiCSE,2023,Modeling Women’s Elective Choices in Computing,10.1145/3623762.3633497,https://api.elsevier.com/content/abstract/scopus_id/85182951830,-6003576700119215048,31.0,
ITiCSE_2023_400693,ITiCSE,2023,Enhancing Diversity and Inclusion in Computer Science Undergraduate Programs: The Role of Admissions,10.1145/3623762.3633496,https://api.elsevier.com/content/abstract/scopus_id/85182951133,-4375566352740400693,29.0,
ITiCSE_2023_123689,ITiCSE,2023,Multi-Institutional Multi-National Studies of Parsons Problems,10.1145/3623762.3633498,https://api.elsevier.com/content/abstract/scopus_id/85182937766,-1489755404988123689,51.0,
ITiCSE_2023_384580,ITiCSE,2023,Arguments for and Approaches to Computing Education in Undergraduate Computer Science Programmes,10.1145/3623762.3633494,https://api.elsevier.com/content/abstract/scopus_id/85182921596,1783543206235384580,36.0,
ITiCSE_2023_472984,ITiCSE,2023,Retention in First Stage Undergraduate Computing: Lessons Learned from a Collaborative Learning Intervention,10.1145/3587103.3594185,https://api.elsevier.com/content/abstract/scopus_id/85166360839,3293709872985472984,,
ITiCSE_2023_293746,ITiCSE,2023,Exploring Computing Science Programs' Admission Procedures with a Diversity and Inclusion Lens,10.1145/3587103.3594208,https://api.elsevier.com/content/abstract/scopus_id/85166356577,-4642058352587293746,2.0,
ITiCSE_2023_624383,ITiCSE,2023,From Misconceptions to Mastery: Addressing Novice Students' Misconceptions in Recursive Algorithm Learning,10.1145/3587103.3594143,https://api.elsevier.com/content/abstract/scopus_id/85166355521,7286521680139624383,2.0,
ITiCSE_2023_850244,ITiCSE,2023,Processes of Abstraction and Representation: An Initial Exploration.,10.1145/3587103.3594148,https://api.elsevier.com/content/abstract/scopus_id/85166333771,-7779433646496850244,2.0,
ITiCSE_2023_422309,ITiCSE,2023,Managing Group Projects in Undergraduate Computing,10.1145/3587103.3594163,https://api.elsevier.com/content/abstract/scopus_id/85166333469,6133179898312422309,2.0,
ITiCSE_2023_762593,ITiCSE,2023,The Impact of Non-Formal Computer Science Outreach on Computational Thinking in Young Women,10.1145/3587103.3594197,https://api.elsevier.com/content/abstract/scopus_id/85166333347,7874184984714762593,,
ITiCSE_2023_389848,ITiCSE,2023,A Methodology for Investigating Women's Module Choices in Computer Science,10.1145/3587103.3594209,https://api.elsevier.com/content/abstract/scopus_id/85166330037,204483320273389848,2.0,
ITiCSE_2023_129367,ITiCSE,2023,Being Agile in the Software Engineering Classroom: Using Agile Approaches Instead of Plan-driven Approaches,10.1145/3587103.3594154,https://api.elsevier.com/content/abstract/scopus_id/85166321163,-5724453735759129367,2.0,
ITiCSE_2023_279641,ITiCSE,2023,Conducting Multi-Institutional Studies of Parsons Problems,10.1145/3587103.3594211,https://api.elsevier.com/content/abstract/scopus_id/85166320302,-5849424420199279641,2.0,
ITiCSE_2023_514604,ITiCSE,2023,Considering Computing Education in Undergraduate Computer Science Programmes,10.1145/3587103.3594210,https://api.elsevier.com/content/abstract/scopus_id/85166320123,359770275618514604,2.0,
ITiCSE_2023_595219,ITiCSE,2023,Checking Conformance to a Subset of the Python Language,10.1145/3587103.3594155,https://api.elsevier.com/content/abstract/scopus_id/85166308355,8668923702791595219,2.0,
ITiCSE_2023_775654,ITiCSE,2023,Tips for Effective Blended Learning for Computer Science Education,10.1145/3587103.3594159,https://api.elsevier.com/content/abstract/scopus_id/85166304920,705796705084775654,2.0,
ITiCSE_2023_517797,ITiCSE,2023,Inclusive Group Work Assessment for Cybersecurity,10.1145/3587103.3594173,https://api.elsevier.com/content/abstract/scopus_id/85166294545,8930966090013517797,,
ITiCSE_2023_845533,ITiCSE,2023,Technocamps: Highlighting 20 Years of Transforming Digital Education in Wales,10.1145/3587103.3594195,https://api.elsevier.com/content/abstract/scopus_id/85166288934,-3046400909635845533,,
ITiCSE_2023_526837,ITiCSE,2023,SIDE-lib: A Library for Detecting Symptoms of Python Programming Misconceptions,10.1145/3587102.3588838,https://api.elsevier.com/content/abstract/scopus_id/85166254214,-436493733307526837,7.0,
ITiCSE_2023_832616,ITiCSE,2023,Machine Learning-Based Automated Grading and Feedback Tools for Programming: A Meta-Analysis,10.1145/3587102.3588822,https://api.elsevier.com/content/abstract/scopus_id/85166242182,-7325886235547832616,7.0,
ITiCSE_2023_490378,ITiCSE,2023,Exploring the Support for Self-Regulation in Adult Online Informal Programming Learning: A Scoping Review,10.1145/3587102.3588811,https://api.elsevier.com/content/abstract/scopus_id/85166209161,7799913083748490378,7.0,
ITiCSE_2023_995911,ITiCSE,2023,Exploring the Impact of School Location on Young People's Likelihood of Studying Computing in Scotland,10.1145/3587102.3588810,https://api.elsevier.com/content/abstract/scopus_id/85166182292,6617321540230995911,7.0,
ITiCSE_2023_889644,ITiCSE,2023,Exploring Computing Students' Post-Pandemic Learning Preferences with Workshops: A UK Institutional Case Study,10.1145/3587102.3588807,https://api.elsevier.com/content/abstract/scopus_id/85166177497,-50328454511889644,7.0,
ITiCSE_2022_141675,ITiCSE,2022,Motivation and Strategies for Effective Inclusion of Cloud Solution Provider Certifications in Computing Curricula,10.1145/3571785.3574128,https://api.elsevier.com/content/abstract/scopus_id/85145979567,-2280228364656141675,26.0,
ITiCSE_2022_680721,ITiCSE,2022,The Impact of COVID-19 on the CS Student Learning Experience How the Pandemic has Shaped the Educational Landscape,10.1145/3571785.3574126,https://api.elsevier.com/content/abstract/scopus_id/85145969319,5770864648459680721,26.0,
ITiCSE_2022_500895,ITiCSE,2022,"Role Modeling as a Computing Educator in Higher Education: A Focus on Care, Emotions and Professional Competencies",10.1145/3571785.3574122,https://api.elsevier.com/content/abstract/scopus_id/85145968444,-1112757699614500895,27.0,
ITiCSE_2022_302864,ITiCSE,2022,What We Talk about When We Talk about Programs,10.1145/3571785.3574125,https://api.elsevier.com/content/abstract/scopus_id/85145968249,1666454271337302864,48.0,
ITiCSE_2022_207369,ITiCSE,2022,The Case for Q-Methodology in Computing Education Research,10.1145/3502717.3532144,https://api.elsevier.com/content/abstract/scopus_id/85134547573,9080897102638207369,,
ITiCSE_2022_014015,ITiCSE,2022,"Strype: Bridging from Blocks to Python, with Micro:bit Support",10.1145/3502717.3532155,https://api.elsevier.com/content/abstract/scopus_id/85134547067,-8766791061423014015,2.0,
ITiCSE_2022_469740,ITiCSE,2022,"COVID-19, Students and the New Educational Landscape",10.1145/3502717.3532167,https://api.elsevier.com/content/abstract/scopus_id/85134545378,-6712395385710469740,2.0,
ITiCSE_2022_458212,ITiCSE,2022,"Embedding Vendor Certifications in the Cloud Computing Curriculum: Scope, Strategy and Perceptions",10.1145/3502717.3532165,https://api.elsevier.com/content/abstract/scopus_id/85134541081,1663980611219458212,2.0,
ITiCSE_2022_660177,ITiCSE,2022,Making Visible and Modeling the Underrepresented: Teachers' Reflections on Their Role Modeling in Higher Education,10.1145/3502717.3532170,https://api.elsevier.com/content/abstract/scopus_id/85134539582,7589194366428660177,2.0,
ITiCSE_2022_455039,ITiCSE,2022,Characterizing the Nature of Programs for educational purposes,10.1145/3502717.3532173,https://api.elsevier.com/content/abstract/scopus_id/85134538574,-67495345210455039,2.0,
ITiCSE_2022_960266,ITiCSE,2022,Teachers' Motivations to Learn about ML and AI,10.1145/3502717.3532148,https://api.elsevier.com/content/abstract/scopus_id/85134523230,-1569831327153960266,,
ITiCSE_2022_858118,ITiCSE,2022,Co-Designing Classroom Practice to Improve Student Attention and Engagement in Computer Science Degree Programmes,10.1145/3502717.3532149,https://api.elsevier.com/content/abstract/scopus_id/85134521463,7423868862801858118,,
ITiCSE_2022_646029,ITiCSE,2022,A National Mentoring and Buddying Pilot Scheme for UK Early Career CS Academics,10.1145/3502717.3532123,https://api.elsevier.com/content/abstract/scopus_id/85134518347,3061149444814646029,,
ITiCSE_2022_937371,ITiCSE,2022,Rethinking Digital Competencies in the New Curriculum for Wales,10.1145/3502717.3532145,https://api.elsevier.com/content/abstract/scopus_id/85134511520,4220489132150937371,,
ITiCSE_2022_272055,ITiCSE,2022,Automated Grading and Feedback of Programming Assignments,10.1145/3502717.3532113,https://api.elsevier.com/content/abstract/scopus_id/85134510677,-1260615829173272055,2.0,
ITiCSE_2022_147508,ITiCSE,2022,Are We There Yet? Incorporating Climate Change into CSEd,10.1145/3502717.3532119,https://api.elsevier.com/content/abstract/scopus_id/85134506660,-1422814026205147508,2.0,
ITiCSE_2022_658527,ITiCSE,2022,Professional Accreditation and Competency-Based Computing Education,10.1145/3502717.3532171,https://api.elsevier.com/content/abstract/scopus_id/85134496124,1290740082100658527,2.0,
ITiCSE_2022_108426,ITiCSE,2022,The Co-Design of An Outreach Initiative to Attract Females into Higher Education Computer Science,10.1145/3502717.3532118,https://api.elsevier.com/content/abstract/scopus_id/85134488235,695308718076108426,2.0,
ITiCSE_2022_075360,ITiCSE,2022,Mix-and-Match MCQs: Four for the Price of One,10.1145/3502717.3532154,https://api.elsevier.com/content/abstract/scopus_id/85134472526,2502647653765075360,2.0,
ITiCSE_2022_545050,ITiCSE,2022,Implementing an Automated Assessment Tool Supporting Assessment and Feedback on Assessments for Novice Programmers in the Higher-Education Setting.,10.1145/3502717.3532133,https://api.elsevier.com/content/abstract/scopus_id/85134468681,4793182534162545050,,
ITiCSE_2022_072581,ITiCSE,2022,Experience Report: Identifying Unexpected Programming Misconceptions with a Computer Systems Approach,10.1145/3502718.3524775,https://api.elsevier.com/content/abstract/scopus_id/85134434353,-4304632528634072581,6.0,
ITiCSE_2022_036797,ITiCSE,2022,Exploring Learner Resilience and Performance of First-Year Computer Science Undergraduate Students during the COVID-19 Pandemic,10.1145/3502718.3524764,https://api.elsevier.com/content/abstract/scopus_id/85134434341,1755164980252036797,7.0,
ITiCSE_2022_005068,ITiCSE,2022,Simulation-Based Learning via Cisco Packet Tracer to Enhance the Teaching of Computer Networks,10.1145/3502718.3524739,https://api.elsevier.com/content/abstract/scopus_id/85134432344,8434748487515005068,7.0,
ITiCSE_2022_868521,ITiCSE,2022,Broadening Participation in Computing: Experiences of an Online ProgrammingWorkshop for African Students,10.1145/3502718.3524773,https://api.elsevier.com/content/abstract/scopus_id/85134430804,-4794846014290868521,7.0,
ITiCSE_2021_930247,ITiCSE,2021,"Teaching through a Global Pandemic: Educational Landscapes Before, during and after COVID-19",10.1145/3502870.3506565,https://api.elsevier.com/content/abstract/scopus_id/85122627984,7760974800724930247,25.0,
ITiCSE_2021_599944,ITiCSE,2021,Foundations for Esports Curricula in Higher Education,10.1145/3502870.3506566,https://api.elsevier.com/content/abstract/scopus_id/85122623248,1471968431111599944,29.0,
ITiCSE_2021_494071,ITiCSE,2021,Designing Dissemination and Validation of a Framework for Teaching Cloud Fundamentals,10.1145/3502870.3506569,https://api.elsevier.com/content/abstract/scopus_id/85122612812,3507922205058494071,19.0,
ITiCSE_2021_294480,ITiCSE,2021,Evidence for Teaching Practices that Broaden Participation for Women in Computing,10.1145/3502870.3506568,https://api.elsevier.com/content/abstract/scopus_id/85122609824,-2501068838817294480,75.0,
ITiCSE_2021_134178,ITiCSE,2021,"'It's a Bit Weird, but it's OK'? How Female Computer Science Students Navigate being a Minority",10.1145/3430665.3456329,https://api.elsevier.com/content/abstract/scopus_id/85109013489,-7969980438009134178,7.0,
ITiCSE_2021_610445,ITiCSE,2021,Machine Learning for Business Students: An Experiential Learning Approach,10.1145/3430665.3456326,https://api.elsevier.com/content/abstract/scopus_id/85109000420,5020403373511610445,7.0,
ITiCSE_2021_660942,ITiCSE,2021,Chronicling the Evidence for Broadening Participation,10.1145/3456565.3461441,https://api.elsevier.com/content/abstract/scopus_id/85108896981,-2407138332681660942,2.0,
ITiCSE_2021_035411,ITiCSE,2021,Evaluating the Learning by Development Action Model with CS students,10.1145/3456565.3460020,https://api.elsevier.com/content/abstract/scopus_id/85108887591,-67978054773035411,2.0,
ITiCSE_2021_424494,ITiCSE,2021,An Investigation into the Relationship between Structured Dance Activities and Computational Thinking Skills,10.1145/3456565.3460018,https://api.elsevier.com/content/abstract/scopus_id/85108886958,-8379311027548424494,2.0,
ITiCSE_2021_941979,ITiCSE,2021,An Overview of the New Science & Technology Curriculum for Wales,10.1145/3456565.3460052,https://api.elsevier.com/content/abstract/scopus_id/85108885504,1436610175267941979,,
ITiCSE_2021_638599,ITiCSE,2021,Educational Landscapes during and after COVID-19,10.1145/3456565.3461439,https://api.elsevier.com/content/abstract/scopus_id/85108879636,-3781929808148638599,2.0,
ITiCSE_2021_069460,ITiCSE,2021,Developing a Computer Science Education Community of Practice for Early-Career Academics in the UK,10.1145/3456565.3460059,https://api.elsevier.com/content/abstract/scopus_id/85108878772,7022981448897069460,,
ITiCSE_2021_551972,ITiCSE,2021,A Big Data Learning Platform for the West Balkans and beyond,10.1145/3456565.3460026,https://api.elsevier.com/content/abstract/scopus_id/85108877830,4942891918118551972,2.0,
ITiCSE_2021_572932,ITiCSE,2021,Planning a Conceptual Framework Approach for Teaching Cloud Fundamentals,10.1145/3456565.3461443,https://api.elsevier.com/content/abstract/scopus_id/85108876290,7220167079172572932,2.0,
ITiCSE_2021_231793,ITiCSE,2021,Deploying a Strategy to Unlock Big Data Research and Teaching Activities in the West Balkan Region,10.1145/3430665.3456325,https://api.elsevier.com/content/abstract/scopus_id/85108875794,2211852782547231793,7.0,
ITiCSE_2021_796458,ITiCSE,2021,A Preliminary Study Exploring the Impact of Learner Resilience under Enforced Online Delivery during the COVID-19 Pandemic,10.1145/3456565.3460050,https://api.elsevier.com/content/abstract/scopus_id/85108870804,7526461281446796458,,
ITiCSE_2021_030754,ITiCSE,2021,Exploring Novel Support Mechanisms to Improve First Stage Retention in Computing Degree Programmes,10.1145/3456565.3460023,https://api.elsevier.com/content/abstract/scopus_id/85108870766,2805415943011030754,2.0,
ITiCSE_2021_186784,ITiCSE,2021,Toward Practical Computing Competencies,10.1145/3456565.3461442,https://api.elsevier.com/content/abstract/scopus_id/85108867855,-5710726391087186784,2.0,
ITiCSE_2021_578585,ITiCSE,2021,Towards a Framework to Support the Design of Esports Curricula in Higher Education,10.1145/3456565.3461440,https://api.elsevier.com/content/abstract/scopus_id/85108867354,-5209944708043578585,2.0,
ITiCSE_2020_240873,ITiCSE,2020,Cloud Computing Curriculum: Developing Exemplar Modules for General Course Inclusion,10.1145/3437800.3439206,https://api.elsevier.com/content/abstract/scopus_id/85118959477,1322523940295240873,22.0,
ITiCSE_2020_383149,ITiCSE,2020,Notional Machines in Computing Education: The Education of Attention,10.1145/3437800.3439202,https://api.elsevier.com/content/abstract/scopus_id/85098721110,6564707848440383149,30.0,
ITiCSE_2020_068819,ITiCSE,2020,Mapping the Landscape of Peer Review in Computing Education Research,10.1145/3437800.3439207,https://api.elsevier.com/content/abstract/scopus_id/85098699519,9145955591776068819,37.0,
ITiCSE_2020_109667,ITiCSE,2020,Capturing and Characterising Notional Machines,10.1145/3341525.3394988,https://api.elsevier.com/content/abstract/scopus_id/85086474891,2819765679453109667,2.0,
ITiCSE_2020_024150,ITiCSE,2020,Semantic Transfer in Programming Languages: Exploratory Study of Relative Novices,10.1145/3341525.3387406,https://api.elsevier.com/content/abstract/scopus_id/85086470043,-4221542738148024150,7.0,
ITiCSE_2020_132948,ITiCSE,2020,Problem Solving and Creativity: Complementing Programming Education with Robotics,10.1145/3341525.3387420,https://api.elsevier.com/content/abstract/scopus_id/85086469492,5964718806378132948,7.0,
ITiCSE_2020_727101,ITiCSE,2020,A Dynamic Visualisation of the DES Algorithm and a Multi-faceted Evaluation of Its Educational Value,10.1145/3341525.3387386,https://api.elsevier.com/content/abstract/scopus_id/85086468841,-2711801231445727101,7.0,
ITiCSE_2020_330088,ITiCSE,2020,The Effect of a Spatial Skills Training Course in Introductory Computing,10.1145/3341525.3387413,https://api.elsevier.com/content/abstract/scopus_id/85086462255,6123231843655330088,7.0,
ITiCSE_2020_871697,ITiCSE,2020,Encouraging Student Participation in Online Tutorials: A Tutor's Perspective,10.1145/3341525.3393991,https://api.elsevier.com/content/abstract/scopus_id/85086461665,-8845329915899871697,2.0,
ITiCSE_2020_003066,ITiCSE,2020,Engage Against the Machine: Rise of the Notional Machines as Effective Pedagogical Devices,10.1145/3341525.3387404,https://api.elsevier.com/content/abstract/scopus_id/85086457687,1714008203818003066,7.0,
ITiCSE_2020_649894,ITiCSE,2020,Demystifying and Decluttering Participation in Software Engineering Education Programmes,10.1145/3341525.3393983,https://api.elsevier.com/content/abstract/scopus_id/85086456865,2571009597725649894,,
ITiCSE_2020_145357,ITiCSE,2020,Through the Lens: Enhancing Assessment with Video-Based Presentation,10.1145/3341525.3387376,https://api.elsevier.com/content/abstract/scopus_id/85086455101,-7517039786535145357,6.0,
ITiCSE_2020_592473,ITiCSE,2020,"The Design, Development, and Evaluation of a Novel Computer-based Competency Assessment of Computational Thinking",10.1145/3341525.3394002,https://api.elsevier.com/content/abstract/scopus_id/85086454610,943279283288592473,2.0,
ITiCSE_2020_017628,ITiCSE,2020,Global and Local Agendas of Computing Ethics Education,10.1145/3341525.3387423,https://api.elsevier.com/content/abstract/scopus_id/85086453408,2350518848650017628,7.0,
ITiCSE_2020_590479,ITiCSE,2020,Examining Student Coding Behaviours in Creative Computing Lessons using Abstract Syntax Trees and Vocabulary Analysis,10.1145/3341525.3387408,https://api.elsevier.com/content/abstract/scopus_id/85086452927,6119423907089590479,7.0,
ITiCSE_2020_318218,ITiCSE,2020,Developing a Model Augmented Reality Curriculum,10.1145/3341525.3394991,https://api.elsevier.com/content/abstract/scopus_id/85086448685,9152825463749318218,2.0,
ITiCSE_2020_973158,ITiCSE,2020,The Importance of Embedding Meta Skills in Computer Science Graduate Apprenticeship Programmes,10.1145/3341525.3394010,https://api.elsevier.com/content/abstract/scopus_id/85086443767,6773477925493973158,2.0,
ITiCSE_2020_133802,ITiCSE,2020,Assessing the Value of Professional Body Accreditation of Computer Science Degree Programmes: A UK Case Study,10.1145/3341525.3393980,https://api.elsevier.com/content/abstract/scopus_id/85086440690,-4080709662179133802,,
ITiCSE_2020_240873,ITiCSE,2020,Cloud Computing Curriculum: Developing Exemplar Modules for General Course Inclusion,10.1145/3341525.3394992,https://api.elsevier.com/content/abstract/scopus_id/85086439920,1322523940295240873,2.0,
ITiCSE_2020_444472,ITiCSE,2020,Resilience and Effective Learning in First-Year Undergraduate Computer Science,10.1145/3341525.3387372,https://api.elsevier.com/content/abstract/scopus_id/85086437292,4855077426549444472,7.0,
ITiCSE_2020_933016,ITiCSE,2020,Hands-on Security Testing in a University Lab Environment,10.1145/3341525.3387366,https://api.elsevier.com/content/abstract/scopus_id/85086436575,-3164225696708933016,7.0,
ITiCSE_2020_739724,ITiCSE,2020,SCAPA: Development of a Questionnaire Assessing Self-Concept and Attitudes Toward Programming,10.1145/3341525.3387415,https://api.elsevier.com/content/abstract/scopus_id/85086436342,146279372005739724,7.0,
ITiCSE_2020_663585,ITiCSE,2020,Meaningful Assessment at Scale: Helping Instructors to Assess Online Learning,10.1145/3341525.3394993,https://api.elsevier.com/content/abstract/scopus_id/85086432843,-2171462820175663585,2.0,
ITiCSE_2020_252955,ITiCSE,2020,An International Pilot Study of K-12 Teachers' Computer Science Self-Esteem,10.1145/3341525.3387418,https://api.elsevier.com/content/abstract/scopus_id/85086432060,6084806356500252955,7.0,
ITiCSE_2019_320670,ITiCSE,2019,An international study piloting the measuring teacher enacted computing curriculum (METRECC) instrument,10.1145/3344429.3372505,https://api.elsevier.com/content/abstract/scopus_id/85079355900,-4562207866339320670,32.0,
ITiCSE_2019_990665,ITiCSE,2019,Securing the human: A review of literature on broadening diversity in cybersecurity education,10.1145/3344429.3372507,https://api.elsevier.com/content/abstract/scopus_id/85079354192,4851502644248990665,20.0,
ITiCSE_2019_460658,ITiCSE,2019,Toward a cloud computing learning community,10.1145/3344429.3372506,https://api.elsevier.com/content/abstract/scopus_id/85079348590,-446574780815460658,13.0,
ITiCSE_2019_678297,ITiCSE,2019,Pass rates in introductory programming and in other STEM disciplines,10.1145/3344429.3372502,https://api.elsevier.com/content/abstract/scopus_id/85079348480,-6780287008071678297,19.0,
ITiCSE_2019_673725,ITiCSE,2019,Fostering program comprehension in novice programmers - learning activities and learning trajectories,10.1145/3344429.3372501,https://api.elsevier.com/content/abstract/scopus_id/85079347424,7721036158410673725,26.0,
ITiCSE_2019_466430,ITiCSE,2019,Review and use of learning theories within computer science education research: Primer for researchers and practitioners,10.1145/3304221.3325534,https://api.elsevier.com/content/abstract/scopus_id/85079343315,-1185668497981466430,21.0,
ITiCSE_2019_083293,ITiCSE,2019,An empirical approach to understanding data science and engineering education,10.1145/3344429.3372503,https://api.elsevier.com/content/abstract/scopus_id/85079340997,-4851463334885083293,15.0,
ITiCSE_2019_080929,ITiCSE,2019,The relationship between students’ engagement and the development of transactive memory systems in MuvE: An experience report,10.1145/3304221.3319743,https://api.elsevier.com/content/abstract/scopus_id/85070927934,7349616333801080929,7.0,
ITiCSE_2019_012800,ITiCSE,2019,Bridging the digital skills gap: Are computing degree apprenticeships the answer?,10.1145/3304221.3319744,https://api.elsevier.com/content/abstract/scopus_id/85070925719,-3971623837136012800,7.0,
ITiCSE_2019_178132,ITiCSE,2019,A periodic table of computing education learning theories,10.1145/3304221.3325534,https://api.elsevier.com/content/abstract/scopus_id/85070924032,-6494976214456178132,2.0,
ITiCSE_2019_884781,ITiCSE,2019,Interdisciplinary Computer Science Pre-service Teacher Preparation,10.1145/3304221.3325543,https://api.elsevier.com/content/abstract/scopus_id/85070922943,-4722911030232884781,2.0,
ITiCSE_2019_694976,ITiCSE,2019,Perspectives on the student transition into CS1,10.1145/3304221.3325540,https://api.elsevier.com/content/abstract/scopus_id/85070913796,6961112179614694976,2.0,
ITiCSE_2019_360768,ITiCSE,2019,Gamification and collaboration to evaluate and improve the security mindset of developers,10.1145/3304221.3325593,https://api.elsevier.com/content/abstract/scopus_id/85070901428,-8829963918193360768,2.0,
ITiCSE_2019_243372,ITiCSE,2019,Toward developing a cloud computing model curriculum,10.1145/3304221.3325536,https://api.elsevier.com/content/abstract/scopus_id/85070897191,2542215041082243372,2.0,
ITiCSE_2019_638082,ITiCSE,2019,Securing the human: Broadening diversity in cybersecurity,10.1145/3304221.3325537,https://api.elsevier.com/content/abstract/scopus_id/85070896371,4010824633683638082,2.0,
ITiCSE_2019_141970,ITiCSE,2019,Incorporating on-campus days in a graduate apprenticeship,10.1475/123_4,https://api.elsevier.com/content/abstract/scopus_id/85070892424,-4462155407619141970,,
ITiCSE_2019_339010,ITiCSE,2019,Computing: IPsative assessment. Improving the student experience in higher education using personalised assessment and feedback,10.1145/3304221.3325565,https://api.elsevier.com/content/abstract/scopus_id/85070891791,592576309268339010,,
ITiCSE_2019_077328,ITiCSE,2019,Pass rates in STEM disciplines including computing,10.1145/3304221.3325532,https://api.elsevier.com/content/abstract/scopus_id/85070891309,-3594609556419077328,2.0,
ITiCSE_2019_100562,ITiCSE,2019,Resources for researching and teaching computing education in primary and secondary schools: What exists and what is still needed,10.1145/3304221.3325541,https://api.elsevier.com/content/abstract/scopus_id/85070890305,5345644534194100562,2.0,
ITiCSE_2019_734990,ITiCSE,2019,Identity and belonging for graduate apprenticeships in computing: The experience of first cohort degree apprentices in Scotland,10.1145/3304221.3319753,https://api.elsevier.com/content/abstract/scopus_id/85070886062,-4425576031253734990,7.0,
ITiCSE_2019_144621,ITiCSE,2019,Integrating real-world clients in a project management module,10.1145/3304221.3325559,https://api.elsevier.com/content/abstract/scopus_id/85070885806,5591653170864144621,,
ITiCSE_2019_003833,ITiCSE,2019,Towards an ability to direct college students to an appropriately paced introductory computer science course,10.1145/3304221.3325538,https://api.elsevier.com/content/abstract/scopus_id/85070884418,7974981859999003833,2.0,
ITiCSE_2019_994410,ITiCSE,2019,Copying can be good: How instructors use imitation in teaching programming,10.1145/3304221.3319783,https://api.elsevier.com/content/abstract/scopus_id/85070881623,7657178099961994410,7.0,
ITiCSE_2019_336655,ITiCSE,2019,An international benchmark study of K-12 computer science education in schools,10.1145/3304221.3325535,https://api.elsevier.com/content/abstract/scopus_id/85070880862,-4761746290093336655,2.0,
ITiCSE_2019_345879,ITiCSE,2019,Challenges of delivering a graduate apprenticeship,10.1475/123-4,https://api.elsevier.com/content/abstract/scopus_id/85070878478,2757226036087345879,,
ITiCSE_2019_798154,ITiCSE,2019,Program comprehension: Identifying learning trajectories for novice programmers,10.1145/3304221.3325531,https://api.elsevier.com/content/abstract/scopus_id/85070877214,-7389186002523798154,2.0,
ITiCSE_2019_776015,ITiCSE,2019,“I don’t know too much about it”: On the security mindsets of future software creators,10.1145/3304221.3325592,https://api.elsevier.com/content/abstract/scopus_id/85070875546,-1833843748023776015,,
ITiCSE_2019_614440,ITiCSE,2019,A framework for improving the sharing of teaching practices among computer science instructors,10.1145/3304221.3325590,https://api.elsevier.com/content/abstract/scopus_id/85070873775,5060203929715614440,,
ITiCSE_2019_499269,ITiCSE,2019,Data science education: Global perspectives and convergence,10.1145/3304221.3325533,https://api.elsevier.com/content/abstract/scopus_id/85070871528,4094650005700499269,2.0,
ITiCSE_2019_474383,ITiCSE,2019,Laughter over dread: Early collaborative problem solving through an extended induction using robots,10.1145/3304221.3325548,https://api.elsevier.com/content/abstract/scopus_id/85070869492,-5103824033952474383,2.0,
ITiCSE_2019_772228,ITiCSE,2019,1.5 degrees of separation: Computer science education in the age of the Anthropocene,10.1145/3304221.3325530,https://api.elsevier.com/content/abstract/scopus_id/85070867070,1430025566468772228,2.0,
ITiCSE_2019_060300,ITiCSE,2019,A conceptual framework for identifying emotional factors leading to student disengagement in VLES,10.1145/3304221.3325570,https://api.elsevier.com/content/abstract/scopus_id/85070863192,8589750483465060300,,
ITiCSE_2019_448829,ITiCSE,2019,A reflective writing framework for computing education,10.1145/3304221.3325580,https://api.elsevier.com/content/abstract/scopus_id/85070861150,314100104685448829,,
ITiCSE_2019_683039,ITiCSE,2019,Devising Work-based Learning Curricula with Apprentice Research Software Engineers,10.1145/3304221.3325576,https://api.elsevier.com/content/abstract/scopus_id/85070858534,-5614900661678683039,,
ITiCSE_2019_340281,ITiCSE,2019,"Experience report: Thinkathon - Countering an ""I got it working"" mentality with pencil-and-paper exercises",10.1145/3304221.3319785,https://api.elsevier.com/content/abstract/scopus_id/85070857663,-5945018484310340281,7.0,
ITiCSE_2019_893184,ITiCSE,2019,New entrants’ expectations of the first year computer science experience in the context of a new national high school curriculum,10.1145/3304221.3319770,https://api.elsevier.com/content/abstract/scopus_id/85070855407,8603609721595893184,7.0,
ICER_2024_963180,ICER,2024,Associations between Secondary School Students' Spatial Skills and Teacher Perceptions of CS Engagement and Aptitude,10.1145/3632621.3671426,https://api.elsevier.com/content/abstract/scopus_id/85202892320,-6609236115519963180,2.0,
ICER_2024_022911,ICER,2024,Online Constructionism Using Digital Twins,10.1145/3632621.3671417,https://api.elsevier.com/content/abstract/scopus_id/85202878266,6861066715449022911,4.0,
,ICER,2024,Beyond Content: A Trauma-Informed Framework for Academic Writing Evaluation,,,,,
,ICER,2024,Making Teaching and Learning a Collaborative Process by Adopting Research Informed Teaching on Executive Education Programmes,,,,,
ICER_2023_299608,ICER,2023,"Am I Wrong, or Is the Autograder Wrong? Effects of AI Grading Mistakes on Learning",10.1145/3568813.3600124,https://api.elsevier.com/content/abstract/scopus_id/85174290094,-7009798390462299608,18.0,
ICER_2023_882490,ICER,2023,Understanding Spatial Skills and Encoding Strategies in Student Problem Solving Activities,10.1145/3568813.3600134,https://api.elsevier.com/content/abstract/scopus_id/85174243507,8431890767501882490,14.0,
ICER_2023_054253,ICER,2023,An eye tracking study assessing the impact of background styling in code editors on novice programmers' code understanding,10.1145/3568813.3600133,https://api.elsevier.com/content/abstract/scopus_id/85174241724,8508222049968054253,20.0,
ICER_2023_046298,ICER,2023,Using a Sociological Lens to Investigate Computing Teachers' Culturally Responsive Classroom Practices,10.1145/3568813.3600112,https://api.elsevier.com/content/abstract/scopus_id/85174237291,6148108974568046298,16.0,
ICER_2023_393441,ICER,2023,The Search for Meaning: Inferential Strategic Reading Comprehension in Programming,10.1145/3568813.3600135,https://api.elsevier.com/content/abstract/scopus_id/85174227101,3565047195491393441,14.0,
ICER_2023_017055,ICER,2023,Exploring Models and Theories of Spatial Skills in CS through a Multi-National Study,10.1145/3568813.3600129,https://api.elsevier.com/content/abstract/scopus_id/85174223545,-6064294574620017055,12.0,
ICER_2022_571779,ICER,2022,What do We Know about Computing Education for K-12 in Non-formal Settings? A Systematic Literature Review of Recent Research,10.1145/3501385.3543960,https://api.elsevier.com/content/abstract/scopus_id/85137119608,-2175973684155571779,18.0,
ICER_2022_725046,ICER,2022,When Rhetorical Logic Meets Programming: Collective Argumentative Reasoning in Problem-Solving in Programming,10.1145/3501385.3543975,https://api.elsevier.com/content/abstract/scopus_id/85137088378,-3646303084382725046,15.0,
ICER_2022_730581,ICER,2022,Launching Registered Report Replications in Computer Science Education Research,10.1145/3501385.3543971,https://api.elsevier.com/content/abstract/scopus_id/85137086076,-5578551806858730581,14.0,
ICER_2021_900358,ICER,2021,Re-Examining Inequalities in Computer Science Participation from a Bourdieusian Sociological Perspective,10.1145/3446871.3469763,https://api.elsevier.com/content/abstract/scopus_id/85113692045,8948267468998900358,14.0,
ICER_2021_429074,ICER,2021,Teachers' Views and Experiences on Teaching Second and Subsequent Programming Languages,10.1145/3446871.3469752,https://api.elsevier.com/content/abstract/scopus_id/85113636522,-8839677645711429074,12.0,
ICER_2021_589577,ICER,2021,Teachers' Perspectives on Talk in the Programming Classroom : Language as a Mediator,10.1145/3446871.3469751,https://api.elsevier.com/content/abstract/scopus_id/85113621274,6596835843385589577,15.0,
ICER_2021_112677,ICER,2021,A Pedagogical Framework for Teaching Computer Programming: A Social Constructivist and Cognitive Load Theory Approach,10.1145/3446871.3469778,https://api.elsevier.com/content/abstract/scopus_id/85113602193,-5730155151426112677,2.0,
ICER_2020_414441,ICER,2020,Investigating the Utility of Graphics in Teaching Data Wrangling,10.1145/3372782.3407111,https://api.elsevier.com/content/abstract/scopus_id/85092204857,4502195705586414441,2.0,
ICER_2020_881911,ICER,2020,Investigating Spatial Skills in Computing Education,10.1145/3372782.3407109,https://api.elsevier.com/content/abstract/scopus_id/85092196194,-4107914179059881911,2.0,
ICER_2020_190982,ICER,2020,Preparing Software Engineering Apprentices for Industry,10.1145/3372782.3408116,https://api.elsevier.com/content/abstract/scopus_id/85092166818,-8514102373874190982,,
ICER_2020_261551,ICER,2020,"Theories and Models of Emotions, Attitudes, and Self-Efficacy in the Context of Programming Education",10.1145/3372782.3406279,https://api.elsevier.com/content/abstract/scopus_id/85092142155,963895673246261551,12.0,
ICER_2020_105546,ICER,2020,Understanding Conceptual Transfer for Students Learning New Programming Languages,10.1145/3372782.3406270,https://api.elsevier.com/content/abstract/scopus_id/85091429007,-5876200499590105546,11.0,
ICER_2019_050861,ICER,2019,Computing education theories: What are they and how are they used?,10.1145/3291279.3339409,https://api.elsevier.com/content/abstract/scopus_id/85071340279,7550333384137050861,11.0,
ICER_2019_159290,ICER,2019,Towards a model of conceptual transfer for students learning new programming languages,10.1145/3291279.3339437,https://api.elsevier.com/content/abstract/scopus_id/85071327973,1279848945878159290,2.0,
ICER_2019_738027,ICER,2019,K-6 introductory programming: Why early years learning through play matters,10.1145/3291279.3339442,https://api.elsevier.com/content/abstract/scopus_id/85071325309,4244454290770738027,2.0,
ICER_2019_688319,ICER,2019,Designing for integrated K-5 computing and literacy through story-making activities,10.1145/3291279.3339425,https://api.elsevier.com/content/abstract/scopus_id/85071322200,-7288890283844688319,9.0,
ICER_2019_189907,ICER,2019,Mentoring mentors in cooperative software engineering education programmes,10.1145/3291279.3341205,https://api.elsevier.com/content/abstract/scopus_id/85071288690,3911066564792189907,,
ICER_2019_148065,ICER,2019,Accountable disciplinary knowledge in computing education: A case-comparative approach,10.1145/3291279.3339403,https://api.elsevier.com/content/abstract/scopus_id/85071287757,-345434296974148065,9.0,
